{
  "timestamp": "2025-07-08T20:44:46.297Z",
  "coordinator": "AGENT-1-UNIFIED",
  "status": "WARNING",
  "totalIssues": 7,
  "verification": {
    "duplicates": [
      {
        "type": "DUPLICATE_FUNCTION",
        "name": "debounce",
        "files": [
          "flashcard-app-final.js",
          "utils/helpers.js"
        ],
        "severity": "HIGH"
      },
      {
        "type": "DUPLICATE_FUNCTION",
        "name": "executedFunction",
        "files": [
          "flashcard-app-final.js",
          "utils/helpers.js"
        ],
        "severity": "HIGH"
      },
      {
        "type": "DUPLICATE_FUNCTION",
        "name": "showNotification",
        "files": [
          "flashcard-app-final.js",
          "utils/helpers.js"
        ],
        "severity": "HIGH"
      },
      {
        "type": "DUPLICATE_FUNCTION",
        "name": "formatDate",
        "files": [
          "flashcard-app-final.js",
          "utils/helpers.js"
        ],
        "severity": "HIGH"
      },
      {
        "type": "DUPLICATE_FUNCTION",
        "name": "generateId",
        "files": [
          "flashcard-app-final.js",
          "utils/helpers.js"
        ],
        "severity": "HIGH"
      },
      {
        "type": "DUPLICATE_FUNCTION",
        "name": "later",
        "files": [
          "flashcard-app-final.js",
          "utils/helpers.js"
        ],
        "severity": "HIGH"
      },
      {
        "type": "DUPLICATE_FUNCTION",
        "name": "error",
        "files": [
          "flashcard-app-final.js",
          "utils/loading.js"
        ],
        "severity": "HIGH"
      }
    ],
    "communication": [],
    "fileStructure": []
  },
  "executionTime": 34,
  "instructionsGenerated": 5
}